BL_time, 0.32
shap_time, 0.342
rlf_time, 633.418
Number of features selected by BL, 8
linear time, 107.609
rf time, 122.575
svr time, 106.054
ann time, 131.511
lgbm time, 112.454
bl time, 105.468
asIs time, 0.478
#
 0,                      asIs, -4.00, 49.00,    --------    *    |-----              
#
 1,                    bl,RLF, 72.00, 14.00,                     |      ---  *---    
#
 2,                linear,RLF, 76.00,  7.00,                     |         -- *---   
 2,                  ann,SHAP, 77.00,  8.00,                     |        ----*--    
 2,                   ann,RLF, 79.00, 11.00,                     |          -- *--   
#
 3,                    rf,RLF, 84.00, 10.00,                     |            - *--  
 3,               linear,SHAP, 85.00,  8.00,                     |           -- *-   
 3,                  svr,SHAP, 85.00,  5.00,                     |              *-   
 3,                   svr,RLF, 85.00, 16.00,                     |              *-   
 3,                  lgbm,RLF, 87.00, 10.00,                     |            - *--  
 3,                    ann,BL, 88.00,  8.00,                     |            -  *-  
#
 4,                 lgbm,SHAP, 90.00,  9.00,                     |             - *-  
#
 5,                   rf,SHAP, 91.00,  7.00,                     |               *-  
 5,                     bl,BL, 91.00,  5.00,                     |             - *-  
 5,                   bl,SHAP, 91.00,  4.00,                     |             --*-  
#
 6,                    svr,BL, 92.00,  8.00,                     |              -* - 
 6,                   lgbm,BL, 92.00,  7.00,                     |              -* - 
#
 7,                 linear,BL, 93.00,  6.00,                     |                *- 
 7,                     rf,BL, 93.00,  7.00,                     |                *- 
